las vegas,4912
wicked spoon,4587
crab legs,4183
come back,3467
really good,2842
go back,2739
next time,2620
fried chicken,2611
prime rib,2471
pretty good,2227
mon ami,2100
one best,2090
best buffet,1956
first time,1943
ami gabi,1782
food good,1777
secret pizza,1748
thai food,1737
chicken waffles,1616
ice cream,1563
5 stars,1526
planet hollywood,1511
bellagio fountains,1444
buffet vegas,1414
truffle fries,1388
earl sandwich,1367
hash house,1272
bone marrow,1213
gordon ramsay,1194
hell kitchen,1157
kitchen burger,1134
farm burger,1125
eggs benedict,1112
onion rings,1111
view bellagio,1110
per person,1092
onion soup,1088
bloody mary,1045
great food,1043
service great,1033
best thai,1003
quality food,1001
lotus siam,987
white pizza,985
french toast,968
pad thai,869
food great,848
vegas buffet,842
sage fried,836
great service,816
crispy duck,810
dessert bar,795
wait time,790
french onion,785
korean bbq,785
late night,780
mac cheese,771
steak frites,758
bacchanal buffet,753
open 24,737
king crab,726
dim sum,725
carving station,710
mashed potatoes,699
portions huge,697
front desk,694
long line,693
garlic prawns,679
good food,679
full montagu,677
filet mignon,670
medium rare,669
buffets vegas,668
highly recommend,667
bellagio fountain,660
make sure,648
sweet potato,614
go go,586
24 hours,584
chicken benedict,584
goat cheese,580
potato fries,575
buffet ever,571
thai restaurant,571
tuna melt,554
asian food,553
corned beef,550
chocolate covered,549
great view,546
drunken noodles,545
dessert section,538
roast beef,534
parmesan fries,533
customer service,531
great place,521
every time,519
house go,514
pizza place,514
long wait,502
gordon ramsey,497
people watching,496
earl club,485
covered strawberries,483
selection food,483
happy hour,472
best pizza,471
sit outside,467
euro burger,464
best burger,463
much better,462
water show,462
huge portions,459
pork belly,458
chipotle chicken,453
truffle parmesan,450
wait line,446
fried rice,444
new york,444
strip mall,442
3rd floor,434
even though,429
food service,419
2 hours,412
room service,412
lamb chops,405
made order,389
jerk chicken,382
snow crab,382
sticky rice,382
fountain show,373
chicken avocado,371
mac n,368
spoon buffet,368
worth wait,367
n cheese,364
chandelier bar,361
would definitely,360
duck bacon,354
across street,349
gluten free,347
tomato soup,346
bellagio water,341
patio seating,341
style pizza,338
thai restaurants,333
sage chicken,332
thin crust,328
side dishes,327
pizza good,323
terrace suite,321
sea bass,319
fried egg,317
good pizza,315
hells kitchen,310
tom yum,309
vs food,309
man vs,307
jalapeño poppers,300
slice pizza,300
burger ever,299
third floor,298
whole pizza,296
panang curry,292
imperial palace,290
worth price,290
dessert station,288
paris hotel,287
northern thai,286
variety food,285
24 7,284
fries good,281
vegas buffets,279
well worth,276
definitely worth,275
duck panang,272
best sandwich,271
caribbean jerk,271
chinese food,270
ny style,269
buffet las,268
outside patio,268
sandwich place,267
whole pie,266
hawaiian bbq,265
food ever,264
creme brulee,262
people watch,262
money worth,257
seafood section,257
papaya salad,256
jalapeno poppers,255
american burger,251
burger good,251
sit patio,249
khao soi,248
hot sandwiches,247
crispy rice,246
one bedroom,245
ordered steak,242
table ready,242
food amazing,240
hard find,240
wine list,238
beef hash,236
drunken noodle,232
pizza ever,232
duck breast,231
large portions,231
ramsay burgr,231
york style,230
full montague,227
shrimp cocktail,227
andy sage,226
buffet food,226
holiday turkey,226
truffle aioli,226
living room,225
favorite buffet,223
burger joint,222
deep fried,222
breast bacon,221
pizza joint,220
duck curry,217
good burger,217
burger fries,216
parmesan truffle,214
burger truffle,213
cheese bar,212
miracle mile,209
salad bar,208
5 99,207
feel like,206
soft shell,205
pad see,204
make reservation,202
nam kao,202
wrap around,202
hog burger,201
short ribs,201
cheese burger,200
burger place,199
cooked perfectly,199
floor cosmopolitan,199
kao tod,199
pizza slice,199
angry mac,198
best korean,197
shell crab,197
much food,196
chicken sandwich,195
chicken wings,193
wynn buffet,191
gelato bar,190
scrambled eggs,189
cheese pizza,188
brown sugar,187
hotel casino,187
hotel room,186
fountain view,185
minute wait,185
ordered chicken,183
sandwich good,182
best sandwiches,181
go wrong,181
good sandwich,181
view strip,178
great pizza,177
lunch buffet,176
pot pie,176
soaking tub,175
hot sandwich,172
make reservations,171
sandwich shop,171
sandwiches good,167
green curry,165
inside planet,165
see ew,164
coconut ice,163
portion sizes,163
sandwich ever,163
find place,162
food came,161
beef turkey,160
pizza really,159
san diego,159
stay cosmopolitan,159
two people,159
biscuits gravy,157
5 star,156
definitely come,156
get room,155
pool table,155
hotel vegas,154
cosmopolitan hotel,153
thai place,151
good thai,150
prime kalbi,150
room ready,150
place stay,149
favorite hotel,148
hotel strip,148
korean food,148
5 slice,147
pizza great,147
east tower,144
good service,144
love hotel,143
pizza delicious,143
really nice,143
time vegas,143
quick bite,141
cranberry sauce,140
love place,140
mini bar,138
resort fee,138
night club,137
hotels strip,135
hole wall,134
vegas strip,134
beautiful hotel,131
boulevard pool,129
gave us,129
hidden gem,129
pepperoni sausage,129
meat lovers,127
quality meat,123
two slices,123
floor cosmo,122
free dessert,118
long hallway,118
slice white,118
crust pizza,117
service good,117
coming back,114
pizza pretty,114
food delicious,113
order whole,113
beef toro,110
meat lover,104
bbq place,97
get free,96
recommend place,96
spicy pork,93
definitely recommend,92
good quality,90
kobe beef,87
korean prime,86
must try,86
asian bbq,83
macaron ice,81
